url,source,proba,error
www.sqti0.ysc84.wo.tc/,mitake,0.9029418436850967,false_positive
https://www.lfg.co,phiusiil,0.7112938785983934,false_positive
en-gb.facebook.com/note.php?note_id=456120014244,mitake,0.9522350467647424,false_positive
facebook.com/OneDropYoYos,mitake,0.9960494500120797,false_positive
https://www.adashofiruoma.com,phiusiil,0.9318085201754033,false_positive
facebook.com/pages/Colotlan-Jalisco/110350142321443,mitake,0.642262395909669,false_positive
https://www.rvroofmagic.com,phiusiil,0.5310521824220586,false_positive
distractify.com/post/related/id/5543a04d4a0c4b531d7c709d/skip/10/limit/10/back/0,mitake,0.9213011504085249,false_positive
trinityappraisalservices.com/,mitake,0.929862249198065,false_positive
noidalaminators.com/,mitake,0.5015520881450094,false_positive
duna.cl,mitake,0.8672664029078921,false_positive
s26.q4cdn.com,mitake,0.763139357591166,false_positive
https://www.purplevrs.com,phiusiil,0.5700879508232634,false_positive
marketing.healthkart.com,mitake,0.7501094613786872,false_positive
haberler.com/eskisehirspor-yonetimi-olaganustu-kongre-karari-7308153-haberi/,mitake,0.9975830228056322,false_positive
http://islandiatech.com/error-correction/forward-error-correction-example.html,harisudhan411,0.8286011671209567,false_positive
teespring.com/fr/balanceiskey?utm_campaign=balanceiskey&utm_medium=oembed&utm_source=wordpress,mitake,0.9004358192533974,false_positive
facebook.com/15211org,mitake,0.8287299543497356,false_positive
lambocars.com,mitake,0.711035417895189,false_positive
youtube.com/watch?v=Xd2YbjQVAw0,mitake,0.702235223092413,false_positive
en-gb.facebook.com/tdeaton,mitake,0.9947311946029368,false_positive
https://www.24hourdigitizing.com,phiusiil,0.821270599042848,false_positive
irsg.bcs.org,mitake,0.5234089726943892,false_positive
leetcode.com,mitake,0.6981024262716676,false_positive
takvim.com.tr,mitake,0.7619943610576992,false_positive
en-gb.facebook.com/christineannbourque,mitake,0.7321137832584591,false_positive
facebook.com/jpexperience,mitake,0.9893925114290111,false_positive
wfc2.wiredforchange.com,mitake,0.7988429963734004,false_positive
bkent.net./Doc/simple5.htm,mitake,0.9542283296872937,false_positive
adti.net,mitake,0.7303804911845133,false_positive
thewhiskybarrel.com,mitake,0.5950999892411817,false_positive
dustinstout.com,mitake,0.8469346087813621,false_positive
caixa.gov.br/voce/poupanca-e-investimentos/acoes-online/after-market/Paginas/default.aspx,mitake,0.9979439793219799,false_positive
distractify.com/post/related/id/554cea3c4a0c4bc5174f8861/skip/30/limit/10/back/0,mitake,0.8934935885106818,false_positive
webtrack.chd01.com,mitake,0.6090654925119118,false_positive
whistlerblackcomb.com,mitake,0.7385478144610312,false_positive
bag-all.com,mitake,0.6607367554975434,false_positive
ebay.co.uk/sch/items/__east%20fife_W0QQ_dmdZ2?crlp=28432455_228459_228460&UA=WVI7&keyword=east%20fife,mitake,0.6244267799480727,false_positive
ueg.eu,mitake,0.6166430384232562,false_positive
https://www.triplearesale.com,phiusiil,0.59447895125685,false_positive
cuni.chytrak.cz,harisudhan411,0.0044440462329419,false_negative
hajjcalgary.ca,harisudhan411,0.30397680016775147,false_negative
tollensbrussels.be,harisudhan411,0.005755971324406741,false_negative
www.vcdap.com/,mitake,0.11281777010973137,false_negative
agley-energizer.000webhostapp.com,harisudhan411,0.392985322571342,false_negative
http://maria.sgpermata.com/Main.htm,harisudhan411,0.0041314737976357,false_negative
http://www.farsmix.com,phiusiil,0.203065551994879,false_negative
http://eehelp.co.uk/,harisudhan411,0.14425902988462383,false_negative
http://www.facetickle.com,phiusiil,0.25472889290306144,false_negative
ratuken-card.xixihuahua.com/,semihguner,0.4262388259542154,false_negative
http://www.cybercraft.biz,phiusiil,0.2381705226748753,false_negative
halatimagazine.com,harisudhan411,0.0064087917915569784,false_negative
nobuds.com,harisudhan411,0.06733949194357329,false_negative
commonsense-catcher.000webhostapp.com,harisudhan411,0.25864192143690623,false_negative
aclpumps.com/jewel/show/,mitake,0.47226465267265716,false_negative
www.babinet.cz/avatars/19889/hires/dir/7822a3775c1c4cc545b6cbde5bce7390/,mitake,0.23246760772455835,false_negative
www.pochi.eek.jp/m_kisekae.html,mitake,0.07845892163937433,false_negative
pravimed.com,harisudhan411,0.17287956310228872,false_negative
kalokairitours.com,harisudhan411,0.1210018690115613,false_negative
permanente-makeup.nl,harisudhan411,0.0185014784617913,false_negative
boba-sdh.com,harisudhan411,0.179285570726008,false_negative
phoenixguide.com,harisudhan411,0.0205989902868625,false_negative
http://www.snchealthmedico.com,phiusiil,0.06053106197310382,false_negative
dtabasee.com,semihguner,0.04716899824105761,false_negative
http://www.arzulens.com,phiusiil,0.012968028846281609,false_negative
www.tibla.com.eu.interia.pl/community\%20guilds&amp;pageGuildName=Metal+Heroes+of+Nrana.html?a=2',mitake,0.10164091538770807,false_negative
half.goodlandbeer.com/,mitake,0.10560912225242466,false_negative
cubical-remedy.000webhostapp.com,harisudhan411,0.20099382262492313,false_negative
http://www.heartssetfree.org,phiusiil,0.06932566193789576,false_negative
https://antonandrew-1317634057.cos.na-siliconvalley.myqcloud.com/antonandrew.html,phiusiil,0.004753161613704025,false_negative
edit.wpsonline.co,semihguner,0.41148882994922015,false_negative
http://www.onenewpost.com,phiusiil,0.006840981776926366,false_negative
tinmoivietnam.com,semihguner,0.3342310912043872,false_negative
additiona-admin.longmusic.com,mitake,0.4706740774638279,false_negative
hentzerde11.com,harisudhan411,0.21633396694050622,false_negative
primemerchantpage.com,harisudhan411,0.05558370544011078,false_negative
britcart.com/britstar/office12.data,mitake,0.4578729237415047,false_negative
http://www.chunkgrind.com,phiusiil,0.039412705317691886,false_negative
b1celsali.com,semihguner,0.38697416330220996,false_negative
ww.earthtools.org/timezone-1.1/74.31528/49.92506,semihguner,0.07836395630528123,false_negative
